<metadata xml:lang="en"><Esri><CreaDate>20240314</CreaDate><CreaTime>13065100</CreaTime><ArcGISFormat>1.0</ArcGISFormat><SyncOnce>FALSE</SyncOnce><DataProperties><itemProps><itemName Sync="TRUE">kern2019_almonds_dissolve_</itemName><imsContentType Sync="TRUE">002</imsContentType><itemLocation><linkage Sync="TRUE">file://\\DESKTOP-Q3GIJ9V\C$\Users\jenni\Desktop\kern2019_almonds_dissolve_.shp</linkage><protocol Sync="TRUE">Local Area Network</protocol></itemLocation><itemSize Sync="TRUE">0.000</itemSize></itemProps><coordRef><type Sync="TRUE">Projected</type><geogcsn Sync="TRUE">GCS_North_American_1983</geogcsn><csUnits Sync="TRUE">Linear Unit: Foot_US (0.304801)</csUnits><projcsn Sync="TRUE">NAD_1983_StatePlane_California_V_FIPS_0405_Feet</projcsn><peXml Sync="TRUE">&lt;ProjectedCoordinateSystem xsi:type='typens:ProjectedCoordinateSystem' xmlns:xsi='http://www.w3.org/2001/XMLSchema-instance' xmlns:xs='http://www.w3.org/2001/XMLSchema' xmlns:typens='http://www.esri.com/schemas/ArcGIS/3.0.0'&gt;&lt;WKT&gt;PROJCS[&amp;quot;NAD_1983_StatePlane_California_V_FIPS_0405_Feet&amp;quot;,GEOGCS[&amp;quot;GCS_North_American_1983&amp;quot;,DATUM[&amp;quot;D_North_American_1983&amp;quot;,SPHEROID[&amp;quot;GRS_1980&amp;quot;,6378137.0,298.257222101]],PRIMEM[&amp;quot;Greenwich&amp;quot;,0.0],UNIT[&amp;quot;Degree&amp;quot;,0.0174532925199433]],PROJECTION[&amp;quot;Lambert_Conformal_Conic&amp;quot;],PARAMETER[&amp;quot;False_Easting&amp;quot;,6561666.666666666],PARAMETER[&amp;quot;False_Northing&amp;quot;,1640416.666666667],PARAMETER[&amp;quot;Central_Meridian&amp;quot;,-118.0],PARAMETER[&amp;quot;Standard_Parallel_1&amp;quot;,34.03333333333333],PARAMETER[&amp;quot;Standard_Parallel_2&amp;quot;,35.46666666666667],PARAMETER[&amp;quot;Latitude_Of_Origin&amp;quot;,33.5],UNIT[&amp;quot;Foot_US&amp;quot;,0.3048006096012192],AUTHORITY[&amp;quot;EPSG&amp;quot;,2229]]&lt;/WKT&gt;&lt;XOrigin&gt;-117608900&lt;/XOrigin&gt;&lt;YOrigin&gt;-91881400&lt;/YOrigin&gt;&lt;XYScale&gt;36269466.692146368&lt;/XYScale&gt;&lt;ZOrigin&gt;-100000&lt;/ZOrigin&gt;&lt;ZScale&gt;10000&lt;/ZScale&gt;&lt;MOrigin&gt;-100000&lt;/MOrigin&gt;&lt;MScale&gt;10000&lt;/MScale&gt;&lt;XYTolerance&gt;0.0032808333333333331&lt;/XYTolerance&gt;&lt;ZTolerance&gt;0.001&lt;/ZTolerance&gt;&lt;MTolerance&gt;0.001&lt;/MTolerance&gt;&lt;HighPrecision&gt;true&lt;/HighPrecision&gt;&lt;WKID&gt;102645&lt;/WKID&gt;&lt;LatestWKID&gt;2229&lt;/LatestWKID&gt;&lt;/ProjectedCoordinateSystem&gt;</peXml></coordRef><lineage><Process ToolSource="c:\program files\arcgis\pro\Resources\ArcToolbox\toolboxes\Conversion Tools.tbx\ExportFeatures" Date="20240314" Time="130651">ExportFeatures kern2019 C:\Users\jenni\Documents\ArcGIS\Projects\Practicum_R1\Practicum_R1.gdb\kern2019_almonds # NOT_USE_ALIAS "OBJECTID "OBJECTID" true true false 11 Double 0 11,First,#,kern2019,OBJECTID,-1,-1;DT_ACT "DT_ACT" true true false 21 Text 0 0,First,#,kern2019,DT_ACT,0,21;P_STATUS "P_STATUS" true true false 1 Text 0 0,First,#,kern2019,P_STATUS,0,1;PERMIT "PERMIT" true true false 7 Text 0 0,First,#,kern2019,PERMIT,0,7;SITEID "SITEID" true true false 8 Text 0 0,First,#,kern2019,SITEID,0,8;S_STATUS "S_STATUS" true true false 1 Text 0 0,First,#,kern2019,S_STATUS,0,1;DT_INACT "DT_INACT" true true false 21 Text 0 0,First,#,kern2019,DT_INACT,0,21;PMT_SITE "PMT_SITE" true true false 15 Text 0 0,First,#,kern2019,PMT_SITE,0,15;OP_ACT "OP_ACT" true true false 3 Text 0 0,First,#,kern2019,OP_ACT,0,3;OP_INACT "OP_INACT" true true false 3 Text 0 0,First,#,kern2019,OP_INACT,0,3;PERMITTEE "PERMITTEE" true true false 40 Text 0 0,First,#,kern2019,PERMITTEE,0,40;MAILING "MAILING" true true false 40 Text 0 0,First,#,kern2019,MAILING,0,40;STATE "STATE" true true false 2 Text 0 0,First,#,kern2019,STATE,0,2;TOWNSHIP "TOWNSHIP" true true false 3 Text 0 0,First,#,kern2019,TOWNSHIP,0,3;RANGE "RANGE" true true false 3 Text 0 0,First,#,kern2019,RANGE,0,3;PMT_YEAR "PMT_YEAR" true true false 4 Text 0 0,First,#,kern2019,PMT_YEAR,0,4;COMM "COMM" true true false 30 Text 0 0,First,#,kern2019,COMM,0,30;ACRES "ACRES" true true false 31 Double 0 0,First,#,kern2019,ACRES,-1,-1;SECTION "SECTION" true true false 2 Text 0 0,First,#,kern2019,SECTION,0,2;CITY "CITY" true true false 100 Text 0 0,First,#,kern2019,CITY,0,100;AGENT "AGENT" true true false 45 Text 0 0,First,#,kern2019,AGENT,0,45;ZIP "ZIP" true true false 10 Text 0 0,First,#,kern2019,ZIP,0,10" #</Process><Process ToolSource="c:\program files\arcgis\pro\Resources\ArcToolbox\toolboxes\Data Management Tools.tbx\Dissolve" Date="20240314" Time="133502">Dissolve kern2019_almonds C:\Users\jenni\Documents\ArcGIS\Projects\Practicum_R1\Practicum_R1.gdb\kern2019_almonds_Dissolve PERMITTEE "ACRES SUM" MULTI_PART DISSOLVE_LINES #</Process><Process ToolSource="c:\program files\arcgis\pro\Resources\ArcToolbox\toolboxes\Conversion Tools.tbx\ExportFeatures" Date="20240326" Time="140643">ExportFeatures kern2019_almonds_Dissolve C:\Users\jenni\Desktop\kern2019_almonds_dissolve_.shp # NOT_USE_ALIAS "PERMITTEE "PERMITTEE" true true false 40 Text 0 0,First,#,kern2019_almonds_Dissolve,PERMITTEE,0,40;SUM_ACRES "SUM_ACRES" true true false 8 Double 0 0,First,#,kern2019_almonds_Dissolve,SUM_ACRES,-1,-1;Shape_Length "Shape_Length" false true true 8 Double 0 0,First,#,kern2019_almonds_Dissolve,Shape_Length,-1,-1;Shape_Area "Shape_Area" false true true 8 Double 0 0,First,#,kern2019_almonds_Dissolve,Shape_Area,-1,-1" #</Process></lineage></DataProperties><SyncDate>20240326</SyncDate><SyncTime>14064300</SyncTime><ModDate>20240326</ModDate><ModTime>14064300</ModTime></Esri><dataIdInfo><envirDesc Sync="TRUE">Microsoft Windows 10 Version 10.0 (Build 19045) ; Esri ArcGIS 13.0.3.36057</envirDesc><dataLang><languageCode value="eng" Sync="TRUE"></languageCode><countryCode value="USA" Sync="TRUE"></countryCode></dataLang><idCitation><resTitle Sync="TRUE">kern2019_almonds_dissolve_</resTitle><presForm><PresFormCd value="005" Sync="TRUE"></PresFormCd></presForm></idCitation><spatRpType><SpatRepTypCd value="001" Sync="TRUE"></SpatRepTypCd></spatRpType></dataIdInfo><mdLang><languageCode value="eng" Sync="TRUE"></languageCode><countryCode value="USA" Sync="TRUE"></countryCode></mdLang><distInfo><distFormat><formatName Sync="TRUE">Shapefile</formatName></distFormat><distTranOps><transSize Sync="TRUE">0.000</transSize></distTranOps></distInfo><mdHrLv><ScopeCd value="005" Sync="TRUE"></ScopeCd></mdHrLv><mdHrLvName Sync="TRUE">dataset</mdHrLvName><refSysInfo><RefSystem><refSysID><identCode code="2229" Sync="TRUE"></identCode><idCodeSpace Sync="TRUE">EPSG</idCodeSpace><idVersion Sync="TRUE">5.3(9.0.0)</idVersion></refSysID></RefSystem></refSysInfo><spatRepInfo><VectSpatRep><geometObjs Name="kern2019_almonds_dissolve_"><geoObjTyp><GeoObjTypCd value="002" Sync="TRUE"></GeoObjTypCd></geoObjTyp><geoObjCnt Sync="TRUE">0</geoObjCnt></geometObjs><topLvl><TopoLevCd value="001" Sync="TRUE"></TopoLevCd></topLvl></VectSpatRep></spatRepInfo><spdoinfo><ptvctinf><esriterm Name="kern2019_almonds_dissolve_"><efeatyp Sync="TRUE">Simple</efeatyp><efeageom code="4" Sync="TRUE"></efeageom><esritopo Sync="TRUE">FALSE</esritopo><efeacnt Sync="TRUE">0</efeacnt><spindex Sync="TRUE">FALSE</spindex><linrefer Sync="TRUE">FALSE</linrefer></esriterm></ptvctinf></spdoinfo><eainfo><detailed Name="kern2019_almonds_dissolve_"><enttyp><enttypl Sync="TRUE">kern2019_almonds_dissolve_</enttypl><enttypt Sync="TRUE">Feature Class</enttypt><enttypc Sync="TRUE">0</enttypc></enttyp><attr><attrlabl Sync="TRUE">FID</attrlabl><attalias Sync="TRUE">FID</attalias><attrtype Sync="TRUE">OID</attrtype><attwidth Sync="TRUE">4</attwidth><atprecis Sync="TRUE">0</atprecis><attscale Sync="TRUE">0</attscale><attrdef Sync="TRUE">Internal feature number.</attrdef><attrdefs Sync="TRUE">Esri</attrdefs><attrdomv><udom Sync="TRUE">Sequential unique whole numbers that are automatically generated.</udom></attrdomv></attr><attr><attrlabl Sync="TRUE">Shape</attrlabl><attalias Sync="TRUE">Shape</attalias><attrtype Sync="TRUE">Geometry</attrtype><attwidth Sync="TRUE">0</attwidth><atprecis Sync="TRUE">0</atprecis><attscale Sync="TRUE">0</attscale><attrdef Sync="TRUE">Feature geometry.</attrdef><attrdefs Sync="TRUE">Esri</attrdefs><attrdomv><udom Sync="TRUE">Coordinates defining the features.</udom></attrdomv></attr><attr><attrlabl Sync="TRUE">PERMITTEE</attrlabl><attalias Sync="TRUE">PERMITTEE</attalias><attrtype Sync="TRUE">String</attrtype><attwidth Sync="TRUE">40</attwidth><atprecis Sync="TRUE">0</atprecis><attscale Sync="TRUE">0</attscale></attr><attr><attrlabl Sync="TRUE">SUM_ACRES</attrlabl><attalias Sync="TRUE">SUM_ACRES</attalias><attrtype Sync="TRUE">Double</attrtype><attwidth Sync="TRUE">19</attwidth><atprecis Sync="TRUE">0</atprecis><attscale Sync="TRUE">0</attscale></attr><attr><attrlabl Sync="TRUE">Shape_Leng</attrlabl><attalias Sync="TRUE">Shape_Leng</attalias><attrtype Sync="TRUE">Double</attrtype><attwidth Sync="TRUE">19</attwidth><atprecis Sync="TRUE">0</atprecis><attscale Sync="TRUE">0</attscale></attr><attr><attrlabl Sync="TRUE">Shape_Area</attrlabl><attalias Sync="TRUE">Shape_Area</attalias><attrtype Sync="TRUE">Double</attrtype><attwidth Sync="TRUE">19</attwidth><atprecis Sync="TRUE">0</atprecis><attscale Sync="TRUE">0</attscale><attrdef Sync="TRUE">Area of feature in internal units squared.</attrdef><attrdefs Sync="TRUE">Esri</attrdefs><attrdomv><udom Sync="TRUE">Positive real numbers that are automatically generated.</udom></attrdomv></attr></detailed></eainfo><mdDateSt Sync="TRUE">20240326</mdDateSt></metadata>
